block,utilizationRate
13916166,0.02071672
13916167,0.02071672
13916168,0.02071672
13916169,0.02071672
13916170,0.02071672
13916171,0.02071672
13916172,0.02071672
13916173,0.02071672
13916174,0.02071672
13916175,0.02071672
13916176,0.02071672
